airline_code;airline_name;airline_name_int;airline_legal_name;airline_itn;airline_phone;airline_image;airline_image_png
4H;;HiSky;;;;;
CQ;"Coastal Travels";"Coastal Travels";;;;;
0B;;"Blue Air";;;;;
LC;"Skyway Costa Rica";"Skyway Costa Rica";;;;;
L1;;E-Savtravel;;;;;
2K;"Avianca Ecuador";"Avianca Ecuador";;;;;
WV;"Westair Aviation";"Westair Aviation";;;;;
2C;;SNCF;;;;;
OW;"Skyward Express";"Skyward Express";;;;;
2J;;"Air Burkina";;;;;
CK;"China Cargo Airlines";"China Cargo Airlines";;;;;
3R;"Avior Airlines";"Avior Airlines";;;;/upload/travel/avia/airlines/3R.svg;/upload/travel/avia/airlines/3R.png
A5;;HOP!;;;;/upload/travel/avia/airlines/A5.svg;/upload/travel/avia/airlines/A5.png
CY;;"Cyprus Airways";;;;/upload/travel/avia/airlines/CY.svg;/upload/travel/avia/airlines/CY.png
4Q;;"Safi Airways";;;;;
5C;;"Nature Air";;;;;
BA;"British Airways";"BRITISH AIRWAYS";"ПРЕДСТАВИТЕЛЬСТВО ""БРИТИШ ЭРУЭЙЗ ПЛС"" (ВЕЛИКОБРИТАНИЯ) Г. МОСКВА";9909001512;74999512719;/upload/travel/avia/airlines/BA.svg;/upload/travel/avia/airlines/BA.png
QH;;"Bamboo Airways";;;;/upload/travel/avia/airlines/QH.svg;/upload/travel/avia/airlines/QH.png
BJ;;Nouvelair;;;;/upload/travel/avia/airlines/BJ.svg;/upload/travel/avia/airlines/BJ.png
KZ;;"Nippon Cargo Airlines";;;;;
5J;"Cebu Pacific";"Cebu Pacific";;;;/upload/travel/avia/airlines/5J.svg;/upload/travel/avia/airlines/5J.png
3H;;"Air Inuit";;;;;
9B;;AccesRail;;;;;
9W;;"Jet Airways";;;;/upload/travel/avia/airlines/9W.svg;/upload/travel/avia/airlines/9W.png
RM;;"Armenia Aircompany";;;;;
AP;;"Air One";;;;/upload/travel/avia/airlines/AP.svg;/upload/travel/avia/airlines/AP.png
AT;"Royal Air Maroc";"ROYAL AIR MAROC";"ROYAL AIR MAROC";;;/upload/travel/avia/airlines/AT.svg;/upload/travel/avia/airlines/AT.png
VK;;Level;;;;;
PQ;;"SkyUp Airlines";;;;;
O2;;"Linear Air";;;;;
EX;;"Thai Express Air Co. Ltd";;;;;
DY;"Norwegian Air Shuttle";"Norwegian Air Shuttle";;;;/upload/travel/avia/airlines/DY.svg;/upload/travel/avia/airlines/DY.png
AK;;AirAsia;;;;/upload/travel/avia/airlines/AK.svg;/upload/travel/avia/airlines/AK.png
AI;;"Air India";;;;/upload/travel/avia/airlines/AI.svg;/upload/travel/avia/airlines/AI.png
WW;;"WOW Air ehf";;;;;
BE;;Flybe;;;;/upload/travel/avia/airlines/BE.svg;/upload/travel/avia/airlines/BE.png
2P;;"PAL Express";;;;;
CO;;"Cobalt Air";;;;/upload/travel/avia/airlines/CO.svg;/upload/travel/avia/airlines/CO.png
EI;;"Aer Lingus";;;;/upload/travel/avia/airlines/EI.svg;/upload/travel/avia/airlines/EI.png
3O;;"Air Arabia Maroc";;;;;
3S;;"Air Antilles Express";;;;;
CB;;"Caribbean Air Export Import Inc.";;;;;
3U;;"Sichuan Airlines";;;;/upload/travel/avia/airlines/3U.svg;/upload/travel/avia/airlines/3U.png
2W;;"Welcome Air";;;;;
DX;;"Danish Air Transport";;;;;
WU;;"Wizz Air Ukraine";;;;;
3P;;"Tiara Air Aruba";;;;;
4W;;"Warbelow's Air Ventures";;;;;
CI;;"China Airlines";;;;/upload/travel/avia/airlines/CI.svg;/upload/travel/avia/airlines/CI.png
2N;;Nextjet;;;;;
3E;;"Air Choice One";;;;;
K2;;Eurolot;;;;/upload/travel/avia/airlines/K2.svg;/upload/travel/avia/airlines/K2.png
CA;;"Air China";;;;/upload/travel/avia/airlines/CA.svg;/upload/travel/avia/airlines/CA.png
CX;"Cathay Pacific";"CATHAY PACIFIC AIRWAYS";"CATHAY PACIFIC AIRWAYS";;;/upload/travel/avia/airlines/CX.svg;/upload/travel/avia/airlines/CX.png
3L;;"Intersky Luftfahrt";;;;;
4D;;"Air Sinai";;;;;
QD;Добролет;Dobrolet;;;;;
BK;;"Okay Airways";;;;;
OV;;SalamAir;;;;/upload/travel/avia/airlines/OV.svg;/upload/travel/avia/airlines/OV.png
BP;;"Air Botswana";;;;;
SZ;;"Somon Air";;;;;
4M;"LATAM Argentina";"LATAM Argentina";;;;;
4O;;Interjet;;;;/upload/travel/avia/airlines/4O.svg;/upload/travel/avia/airlines/4O.png
CM;;"Copa Airlines";;;;/upload/travel/avia/airlines/CM.svg;/upload/travel/avia/airlines/CM.png
4T;;"Belair Airlines";;;;;
EW;;Eurowings;;;;/upload/travel/avia/airlines/EW.svg;/upload/travel/avia/airlines/EW.png
TY;;"Air Caledonie";;;;;
DJ;"AirAsia Japan";"AirAsia Japan";;;;;
GE;;"Transasia Airways";;;;;
7A;;"Air Jet";;;;;
EQ;;"TAME Linea Aerea del Ecuador";;;;;
KH;;"Kyrgyz Air";;;;;
TO;;Transavia;;;;;
M5;;"Kenmore Air";;;;;
FB;;"Bulgaria Air";"Bulgaria Air";;;/upload/travel/avia/airlines/FB.svg;/upload/travel/avia/airlines/FB.png
5O;"ASL Airlines France";"ASL Airlines France";;;;;
K4;;"ALS Ltd.";;;;;
HO;;"Juneyao Airlines";;;;;
JS;;"Air Koryo";;;;/upload/travel/avia/airlines/JS.svg;/upload/travel/avia/airlines/JS.png
6Y;;"SmartLynx Airlines";;;;;
7F;;"First Air";;;;;
F9;;"Frontier Airlines";;;;;
TT;;"Tigerair Australia";;;;;
M7;;"Marsland Aviation";;;;;
I8;Ижавиа;Izhavia;;;;/upload/travel/avia/airlines/I8.svg;/upload/travel/avia/airlines/I8.png
GF;;"Gulf Air";;;;/upload/travel/avia/airlines/GF.svg;/upload/travel/avia/airlines/GF.png
5T;;"Canadian North";;;;;
LD;;"AHK Air Hong Kong Limited";;;;;
FZ;;Flydubai;;;;/upload/travel/avia/airlines/FZ.svg;/upload/travel/avia/airlines/FZ.png
JN;Joon;Joon;;;;/upload/travel/avia/airlines/JN.svg;/upload/travel/avia/airlines/JN.png
XM;"C.A.I. First";"C.A.I. First";;;;;
IQ;"Qazaq Air";"Qazaq Air";;;;/upload/travel/avia/airlines/IQ.svg;/upload/travel/avia/airlines/IQ.png
HZ;Аврора;Aurora;;;;/upload/travel/avia/airlines/HZ.svg;/upload/travel/avia/airlines/HZ.png
IT;;"Tigerair Taiwan";;;;;
7D;"Maluti Sky";"Maluti Sky";;;;/upload/travel/avia/airlines/7D.svg;/upload/travel/avia/airlines/7D.png
7I;;"Insel Air";;;;;
KX;;"Cayman Airways";;;;;
7L;;Aerocaribbean;;;;;
MN;;Comair;;;;;
HG;;Niki;;;;/upload/travel/avia/airlines/HG.svg;/upload/travel/avia/airlines/HG.png
7W;"Windrose Airlines";"Windrose Airlines";;;;/upload/travel/avia/airlines/7W.svg;/upload/travel/avia/airlines/7W.png
J2;"Азербайджанские авиалинии (Azal)";"Azerbaijan Airlines";;;;/upload/travel/avia/airlines/J2.svg;/upload/travel/avia/airlines/J2.png
IY;Yemenia;Yemenia;;;;;
HY;"Узбекские авиалинии (Uzbekistan Airways)";"Uzbekistan Airways";;;;/upload/travel/avia/airlines/HY.svg;/upload/travel/avia/airlines/HY.png
HU;;"Hainan Airlines";;;;/upload/travel/avia/airlines/HU.svg;/upload/travel/avia/airlines/HU.png
8V;;"Wright Air Service";;;;;
W8;;"Cargojet Airways Ltd.";;;;;
J8;;"Berjaya Air";;;;;
TV;;"Tibet Airlines";;;;;
CR;OAG;OAG;;;;;
JL;"Japan Airlines";"Japan Airlines Co Ltd";"Japan Airlines Co Ltd";;;/upload/travel/avia/airlines/JL.svg;/upload/travel/avia/airlines/JL.png
7H;"Ravn Alaska";"Ravn Alaska";;;;;
8Q;;"Onur Air";;;;/upload/travel/avia/airlines/8Q.svg;/upload/travel/avia/airlines/8Q.png
7V;;"Federal Air";;;;;
KS;;Penair;;;;;
8L;;"Lucky Air";;;;;
S1;"Lufthansa Systems";"Lufthansa Systems";;;;;
8E;;"Bering Air";;;;;
KF;;Blue1;;;;/upload/travel/avia/airlines/KF.svg;/upload/travel/avia/airlines/KF.png
8P;;"Pacific Coastal Airlines";;;;;
8U;;"Afriqiyah Airways";;;;;
QU;"Azur Air Украина";"Azur Air Ukraine";;;;/upload/travel/avia/airlines/QU.svg;/upload/travel/avia/airlines/QU.png
9F;;Eurostar;;;;;
A2;;"Astra Airlines";;;;;
T0;"TACA Peru";"TACA Peru";;;;;
LR;"Avianca Costa Rica";"Avianca Costa Rica";;;;;
YT;;"Yeti Airlines Domestic Pvt. Ltd.";;;;;
8R;;"Sol Lineas Aereas";;;;;
9K;;"Cape Air";;;;;
SW;;"Air Namibia";;;;/upload/travel/avia/airlines/SW.svg;/upload/travel/avia/airlines/SW.png
ZE;;"Eastar Jet";;;;;
DD;;"Nok Air";;;;/upload/travel/avia/airlines/DD.svg;/upload/travel/avia/airlines/DD.png
9R;"Southern Air";"Southern Air";;;;;
6A;"Armenia Airways";"Armenia Airways";;;;;
TA;;"TACA Airlines";;;;;
AD;"Azul Brazilian Airlines";"Azul Brazilian Airlines";;;;;
XX;;"Major Airline";;;;;
PC;;"Pegasus Airlines";;;;/upload/travel/avia/airlines/PC.svg;/upload/travel/avia/airlines/PC.png
9M;;"Central Mountain Air";;;;;
9V;;"Avior Airlines";;;;;
OD;"Malindo Air";"Malindo Air";;;;;
MI;;Silkair;;;;/upload/travel/avia/airlines/MI.svg;/upload/travel/avia/airlines/MI.png
A6;;"Air Alps Aviation";;;;;
AU;;"Austral Lineas Aereas";;;;;
OK;"Czech Airlines";"Czech Airlines";"ПРЕДСТАВИТЕЛЬСТВО ""ЧЕШСКИЕ АЭРОЛИНИИ, АО""";9909002940;74996537144;/upload/travel/avia/airlines/OK.svg;/upload/travel/avia/airlines/OK.png
X4;;"Air Excursion, LLC";;;;;
A4;Азимут;Azimut;;;;/upload/travel/avia/airlines/A4.svg;/upload/travel/avia/airlines/A4.png
C1;"Tectimes Sudamerica";"Tectimes Sudamerica";;;;;
WF;;Wideroe;;;;;
7C;;"Jeju Air";;;;;
OS;;"Austrian Airlines";"ПРЕДСТАВИТЕЛЬСТВО АКЦИОНЕРНОГО ОБЩЕСТВА ""АВСТРИЙСКАЯ АВИАКОМПАНИЯ""";9909001449;74959950995;/upload/travel/avia/airlines/OS.svg;/upload/travel/avia/airlines/OS.png
QN;"Air Armenia";"Air Armenia";;;;/upload/travel/avia/airlines/QN.svg;/upload/travel/avia/airlines/QN.png
FV;Россия;"Rossiya Airlines";;;;/upload/travel/avia/airlines/FV.svg;/upload/travel/avia/airlines/FV.png
JT;;"Lion Air";;;;/upload/travel/avia/airlines/JT.svg;/upload/travel/avia/airlines/JT.png
F1;"Farelogix Qatar Airways";"Farelogix Qatar Airways";;;;;
OU;;"Croatia Airlines";;;;/upload/travel/avia/airlines/OU.svg;/upload/travel/avia/airlines/OU.png
WE;;"Thai Smile";;;;;
B7;;"Uni Air";;;;;
5F;;"Fly One";;;;/upload/travel/avia/airlines/5F.svg;/upload/travel/avia/airlines/5F.png
B5;;"East African Safari Air";;;;;
6W;;FlyBosnia;;;;/upload/travel/avia/airlines/6W.svg;/upload/travel/avia/airlines/6W.png
B8;;"Eritrean Airlines";;;;;
C3;"Trade Air";"Trade Air";;;;;
CN;;"Grand China Air";;;;;
E6;"Bringer Air Cargo";"Bringer Air Cargo";;;;;
PK;;"Pakistan International Airlines";;;;;
X8;;"Airmax S.A.";;;;;
AE;;"Mandarin Airlines";;;;;
RL;;"Royal Flight";;;;;
2L;;"Helvetic Airways";;;;;
W2;;FlexFlight;;;;;
SC;;"Shandong Airlines";;;;;
D6;;"Inter Air";;;;;
BH;;Hawkair;;;;;
EO;"Pegas Fly";"Pegas Fly";;;;;
BB;;"Seaborne Airlines";;;;;
S4;SATA;SATA;;;;;
CG;;"Airlines PNG";;;;;
IM;;"JSC Aircompany ATMA";;;;;
LX;;"Swiss International Air Lines";SWISS;;74957753087;/upload/travel/avia/airlines/LX.svg;/upload/travel/avia/airlines/LX.png
C8;"Cronos Airlines";"Cronos Airlines";;;;;
BL;"Jetstar Pacific Airlines";"Jetstar Pacific Airlines";;;;/upload/travel/avia/airlines/BL.svg;/upload/travel/avia/airlines/BL.png
LV;;Level;;;;;
UL;;"Srilankan Airlines";;;;/upload/travel/avia/airlines/UL.svg;/upload/travel/avia/airlines/UL.png
UA;;"United Airlines";;;;/upload/travel/avia/airlines/UA.svg;/upload/travel/avia/airlines/UA.png
BN;;"Bahrain Air";;;;;
F4;"Air Flamenco";"Air Flamenco";;;;;
EC;;OpenSkies;;;;;
W9;;"Wizz Air";;;;;
CE;;"Chalair Aviation";;;;;
D7;;"AirAsia X";;;;/upload/travel/avia/airlines/D7.svg;/upload/travel/avia/airlines/D7.png
KN;;"China United Airlines";;;;;
VR;;"TACV Cabo Verde Airlines";;;;;
JB;Helijet;Helijet;;;;;
CJ;;"BA Cityflyer";;;;;
VV;"Viva Air";"Viva Air";;;;/upload/travel/avia/airlines/VV.svg;/upload/travel/avia/airlines/VV.png
DN;;"Norwegian Air";;;;;
GR;"Aurigny Air Services";"Aurigny Air Services";;;;;
CL;;"Lufthansa CityLine";;;;;
SS;;"Corsair International";;;;;
VF;Valuair;Valuair;;;;/upload/travel/avia/airlines/VF.svg;/upload/travel/avia/airlines/VF.png
GL;;"Air Greenland";;;;;
HS;"Héli Sécurité Hélicopter Airline";"Héli Sécurité Hélicopter Airline";;;;;
R1;;"Zapways, Inc.";;;;;
JR;;"Joy Air";;;;;
TP;;"TAP Air Portugal";"TAP Air Portugal";;;/upload/travel/avia/airlines/TP.svg;/upload/travel/avia/airlines/TP.png
JV;;"Bearskin Airlines";;;;;
MM;;Peach;;;;;
DC;"Braathens Regional";"Braathens Regional";;;;;
DB;;"Brit Air";;;;;
U9;Татарстан;"Tatarstan Airlines";;;;/upload/travel/avia/airlines/U9.svg;/upload/travel/avia/airlines/U9.png
TX;;"Air Caraibes";;;;/upload/travel/avia/airlines/TX.svg;/upload/travel/avia/airlines/TX.png
U6;"Уральские авиалинии";"JSC Ural Airlines";"ОТКРЫТОЕ АКЦИОНЕРНОЕ ОБЩЕСТВО АВИАКОМПАНИЯ ""УРАЛЬСКИЕ АВИАЛИНИИ""";6608003013;74952326565;/upload/travel/avia/airlines/U6.svg;/upload/travel/avia/airlines/U6.png
I4;"Interstate Airlines";"Interstate Airlines";;;;/upload/travel/avia/airlines/I4.svg;/upload/travel/avia/airlines/I4.png
EZ;"Sun-Air of Scandinavia";"Sun-Air of Scandinavia";;;;;
UU;;"Air Austral";;;;/upload/travel/avia/airlines/UU.svg;/upload/travel/avia/airlines/UU.png
FP;"Servicios Aéreos de los Andes";"Servicios Aéreos de los Andes";;;;;
EU;;"Chengdu Airlines";;;;;
VW;;Aeromar;;;;;
US;;"US Airways";;;;/upload/travel/avia/airlines/US.svg;/upload/travel/avia/airlines/US.png
G4;;"Allegiant Air";;;;;
ZN;;NAYSA;;;;;
UT;ЮТэйр;"UTAir Aviation JSC";"ПУБЛИЧНОЕ АКЦИОНЕРНОЕ ОБЩЕСТВО ""АВИАКОМПАНИЯ ""ЮТЭЙР""";7204002873;78002340088;/upload/travel/avia/airlines/UT.svg;/upload/travel/avia/airlines/UT.png
W3;;"Arik Air";;;;;
FY;;Firefly;;;;;
CV;Cargolux;Cargolux;;;;;
FF;;"Airshop B.V.";;;;;
WB;RwandAir;RwandAir;;;;;
VY;;Vueling;;;;/upload/travel/avia/airlines/VY.svg;/upload/travel/avia/airlines/VY.png
FQ;;"Brindabella Airlines";;;;;
FS;;"Syphax Airlines";;;;;
WN;;"Southwest Airlines";;;;/upload/travel/avia/airlines/WN.svg;/upload/travel/avia/airlines/WN.png
I5;"AirAsia India";"AirAsia India";;;;;
WS;;Westjet;;;;/upload/travel/avia/airlines/WS.svg;/upload/travel/avia/airlines/WS.png
X3;;"TUI fly";;;;/upload/travel/avia/airlines/X3.svg;/upload/travel/avia/airlines/X3.png
YG;;"South Airlines";;;;;
G9;;"Air Arabia";;;;/upload/travel/avia/airlines/G9.svg;/upload/travel/avia/airlines/G9.png
FO;;"Felix Airways";;;;;
Z6;Днеправиа;Dniproavia;;;;/upload/travel/avia/airlines/Z6.svg;/upload/travel/avia/airlines/Z6.png
L9;;"Belle Air Europe";;;;;
C6;CanJet;CanJet;;;;;
GS;;"Tianjin Airlines";;;;;
HF;"Air Côte d'Ivoire";"Air Côte d'Ivoire";;;;;
XV;;"BVI Airways";;;;;
YK;"Avia Traffic Company";"Avia Traffic Company";;;;/upload/travel/avia/airlines/YK.svg;/upload/travel/avia/airlines/YK.png
IR;;"Iran Air";;;;/upload/travel/avia/airlines/IR.svg;/upload/travel/avia/airlines/IR.png
JD;;"Beijing Capital Airlines";;;;;
YO;;"Heli Air Monaco";;;;;
IO;;IrAero;;;;/upload/travel/avia/airlines/IO.svg;/upload/travel/avia/airlines/IO.png
I2;;"Iberia Express";;;;;
IE;;"Solomon Airlines";;;;;
K5;"SeaPort Airlines";"SeaPort Airlines";;;;;
KB;;"Druk Air";;;;;
I9;;"Air Italy";;;;;
L6;;"Mauritania Airlines International";;;;;
IX;;"Air India Express";;;;;
J0;;"Jetlink Express";;;;;
GO;;"ULS Airlines Cargo";;;;;
JA;;"B&H Airlines";;;;;
KO;Комиавиатранс;Komiaviatrans;;;;;
J3;;"Northwestern Air";;;;;
J9;;"Jazeera Airways";;;;;
JE;;Mango;;;;;
LZ;;"Belle Air";;;;;
KY;;"Kunming Airlines";;;;;
LI;;Liat;;;;;
MY;;"Maya Island Air";;;;;
DF;Condor;Condor;;;;/upload/travel/avia/airlines/DF.svg;/upload/travel/avia/airlines/DF.png
PZ;"LATAM Paraguay";"LATAM Paraguay";;;;;
LN;;"Libyan Airlines";;;;;
GV;;"Grant Aviation, Inc.";;;;;
S3;;"Santa Barbara Airlines";;;;;
UD;;"Hex Air";;;;;
FX;;FedEx;;;;;
LJ;;"Jin Air";;;;;
LW;;"Pacific Wings";;;;;
P3;;"Passaredo Linhas Aereas";;;;;
B1;"TAB - Transportes Aéreos Bolivianos";"TAB - Transportes Aéreos Bolivianos";;;;;
LS;;Jet2.com;;;;/upload/travel/avia/airlines/LS.svg;/upload/travel/avia/airlines/LS.png
7K;Метроджет;MetroJet;;;;/upload/travel/avia/airlines/7K.svg;/upload/travel/avia/airlines/7K.png
6E;;IndiGo;;;;/upload/travel/avia/airlines/6E.svg;/upload/travel/avia/airlines/6E.png
5N;"Smartavia (Нордавиа)";"Smartavia (Nordavia)";;;;/upload/travel/avia/airlines/5N.svg;/upload/travel/avia/airlines/5N.png
ET;;"Ethiopian Airlines";"Ethiopian Airlines";;;/upload/travel/avia/airlines/ET.svg;/upload/travel/avia/airlines/ET.png
ND;;"Sky Wings Airlines";;;;;
GH;Глобус;"Globus Airlines";;;;;
SQ;;"Singapore Airlines";;;;/upload/travel/avia/airlines/SQ.svg;/upload/travel/avia/airlines/SQ.png
B9;"Iran Air Tours";"Iran Air Tours";;;;;
4U;;Germanwings;;;;/upload/travel/avia/airlines/4U.svg;/upload/travel/avia/airlines/4U.png
DM;"Asian Air";"Asian Air";;;;;
ML;;"Air Mediterranee";;;;;
MO;;"Calm Air International";;;;;
K6;;"Cambodia Angkor Air";;;;/upload/travel/avia/airlines/K6.svg;/upload/travel/avia/airlines/K6.png
KE;"Korean Air";"Korean Air lines Co Ltd";"Представительство ""Кореан Эйр Лайнз Ко., ЛТД.""";9909000484;74952582208;/upload/travel/avia/airlines/KE.svg;/upload/travel/avia/airlines/KE.png
4G;"Газпром авиа";Gazpromavia;;;;/upload/travel/avia/airlines/4G.svg;/upload/travel/avia/airlines/4G.png
NI;Portugália;Portugália;;;;;
MZ;;"Merpati Nusantara Airlines";;;;;
KK;;"Atlas Global Airlines";;;;/upload/travel/avia/airlines/KK.svg;/upload/travel/avia/airlines/KK.png
YQ;Полет;"Polet Airlines";;;;/upload/travel/avia/airlines/YQ.svg;/upload/travel/avia/airlines/YQ.png
SY;;"Sun Country Airlines";;;;;
NF;;"Air Vanuatu";;;;;
6H;;"Israir Airlines";;;;/upload/travel/avia/airlines/6H.svg;/upload/travel/avia/airlines/6H.png
5H;Fly540;Fly540;;;;;
8M;"Myanmar Airways International";"Myanmar Airways International";;;;/upload/travel/avia/airlines/8M.svg;/upload/travel/avia/airlines/8M.png
FM;;"Shanghai Airlines";;;;/upload/travel/avia/airlines/FM.svg;/upload/travel/avia/airlines/FM.png
OL;"Polynesian Airlines";"Polynesian Airlines";;;;;
A9;;"Georgian Airways";"GEORGIAN AIRWAYS";;79153616499;/upload/travel/avia/airlines/A9.svg;/upload/travel/avia/airlines/A9.png
F7;;"I Fly";;;;/upload/travel/avia/airlines/F7.svg;/upload/travel/avia/airlines/F7.png
FI;Icelandair;ICELANDAIR;ICELANDAIR;;;/upload/travel/avia/airlines/FI.svg;/upload/travel/avia/airlines/FI.png
FJ;;"Fiji Airways";;;;/upload/travel/avia/airlines/FJ.svg;/upload/travel/avia/airlines/FJ.png
D5;;"DHL Aero Expreso S.A.";;;;;
3K;;"Jetstar Asia";;;;/upload/travel/avia/airlines/3K.svg;/upload/travel/avia/airlines/3K.png
MW;;"Mokulele Airlines";;;;;
ZI;;"Aigle Azur";;;;/upload/travel/avia/airlines/ZI.svg;/upload/travel/avia/airlines/ZI.png
YV;;"Mesa Airlines";;;;;
2M;;"Moldavian Airlines";;;;;
MH;;"Malaysia Airlines";;;;/upload/travel/avia/airlines/MH.svg;/upload/travel/avia/airlines/MH.png
AF;;"Air France";"ПРЕДСТАВИТЕЛЬСТВО ""ЭР ФРАНС""";9909004224;74954116655;/upload/travel/avia/airlines/AF.svg;/upload/travel/avia/airlines/AF.png
2I;;"Star Peru";;;;;
AA;;"American Airlines";"American Airlines";;;/upload/travel/avia/airlines/AA.svg;/upload/travel/avia/airlines/AA.png
GA;;"Garuda Indonesian";"Garuda Indonesian";;;/upload/travel/avia/airlines/GA.svg;/upload/travel/avia/airlines/GA.png
FL;;"Airtran Airways";;;;;
OG;"Air Freight NZ";"Air Freight NZ";;;;/upload/travel/avia/airlines/OG.svg;/upload/travel/avia/airlines/OG.png
TF;BRA;BRA;;;;;
KM;;"Air Malta";;;;/upload/travel/avia/airlines/KM.svg;/upload/travel/avia/airlines/KM.png
NG;"Aero Contractors";"Aero Contractors";;;;;
AC;;"Air Canada";"AIR CANADA";;15143933333;/upload/travel/avia/airlines/AC.svg;/upload/travel/avia/airlines/AC.png
H2;;"Sky Airline";;;;;
LO;;"LOT Polish Airlines";"ПРЕДСТАВИТЕЛЬСТВО АО ПОЛЬСКИЕ АВИАЛИНИИ ""ЛОТ"" (ПОЛЬША)";9909001174;74959375922;/upload/travel/avia/airlines/LO.svg;/upload/travel/avia/airlines/LO.png
HM;;"Air Seychelles";;;;/upload/travel/avia/airlines/HM.svg;/upload/travel/avia/airlines/HM.png
OY;;"Andes Lineas Aereas";;;;;
NM;;Manx2;;;;;
IB;;Iberia;;;;/upload/travel/avia/airlines/IB.svg;/upload/travel/avia/airlines/IB.png
KL;KLM;"KLM Royal Dutch Airlines";"ПРЕДСТАВИТЕЛЬСТВО ""КЛМ КОРОЛЕВСКИЕ ГОЛЛАНДСКИЕ АВИАЛИНИИ""";9909001495;74954117766;/upload/travel/avia/airlines/KL.svg;/upload/travel/avia/airlines/KL.png
SN;;"Brussels Airlines";"ПРЕДСТАВИТЕЛЬСТВО АО ""БРАССЕЛС ЭРЛАЙНС""";9909097846;74954118438;/upload/travel/avia/airlines/SN.svg;/upload/travel/avia/airlines/SN.png
NS;;"Hebei Airlines";;;;;
MU;;"China Eastern Airlines";;;;/upload/travel/avia/airlines/MU.svg;/upload/travel/avia/airlines/MU.png
CS;;"Continental Micronesia, Inc.";;;;;
NQ;;"Air Japan";;;;;
PE;;"People's Viennaline";;;;;
NU;;"Japan Transocean Air";;;;;
GG;;"Sky Lease I, Inc.";;;;;
OZ;;"Asiana Airlines";;;;/upload/travel/avia/airlines/OZ.svg;/upload/travel/avia/airlines/OZ.png
NW;;"Northwest Airlines";;;;/upload/travel/avia/airlines/NW.svg;/upload/travel/avia/airlines/NW.png
SX;"SkyWork Airlines";"SkyWork Airlines";;;;;
T4;"TRIP Linhas Aéreas";"TRIP Linhas Aéreas";;;;;
TL;;Airnorth;;;;;
OR;"TUI Airlines Netherlands";"TUI Airlines Netherlands";;;;;
R7;;Aserca Airlines;;;;;
KR;;"Air Bishkek";;;;/upload/travel/avia/airlines/KR.svg;/upload/travel/avia/airlines/KR.png
SU;Аэрофлот;"AEROFLOT RUSSIAN AIRLINES";"ПУБЛИЧНОЕ АКЦИОНЕРНОЕ ОБЩЕСТВО ""АЭРОФЛОТ-РОССИЙСКИЕ АВИАЛИНИИ""";7712040126;74952235555;/upload/travel/avia/airlines/SU.svg;/upload/travel/avia/airlines/SU.png
M9;;"Motor Sich Airlines";;;;/upload/travel/avia/airlines/M9.svg;/upload/travel/avia/airlines/M9.png
PS;"Международные авиалинии Украины";"Ukraine International Airline";"ПРЕДСТАВИТЕЛЬСТВО ЧАСТНОГО АКЦИОНЕРНОГО ОБЩЕСТВА ""АВИАКОМПАНИЯ ""МЕЖДУНАРОДНЫЕ АВИАЛИНИИ УКРАИНЫ""";9909367570;380445815050;/upload/travel/avia/airlines/PS.svg;/upload/travel/avia/airlines/PS.png
U8;"Tus Airways";"Tus Airways";;;;/upload/travel/avia/airlines/U8.svg;/upload/travel/avia/airlines/U8.png
KQ;;"Kenya Airways";;;;/upload/travel/avia/airlines/KQ.svg;/upload/travel/avia/airlines/KQ.png
KU;;"Kuwait Airways";;;;;
BR;;"Eva Air";;;;/upload/travel/avia/airlines/BR.svg;/upload/travel/avia/airlines/BR.png
SV;;Saudia;;;;/upload/travel/avia/airlines/SV.svg;/upload/travel/avia/airlines/SV.png
AS;;"Alaska Airlines";;;;/upload/travel/avia/airlines/AS.svg;/upload/travel/avia/airlines/AS.png
DV;;SCAT;;;;/upload/travel/avia/airlines/DV.svg;/upload/travel/avia/airlines/DV.png
YN;;"Air Creebec";;;;;
ZH;;"Shenzhen Airlines";;;;;
RB;;"Syrian Arab Airlines";;;;/upload/travel/avia/airlines/RB.svg;/upload/travel/avia/airlines/RB.png
OT;;"Aeropelican Air Services";;;;;
PB;;"Provincial Airlines";;;;;
P0;;"Proflight Zambia";;;;;
UR;;"Uganda Airlines";;;;/upload/travel/avia/airlines/UR.svg;/upload/travel/avia/airlines/UR.png
HV;Transavia;Transavia;;;;/upload/travel/avia/airlines/HV.svg;/upload/travel/avia/airlines/HV.png
DE;;Condor;;;;/upload/travel/avia/airlines/DE.svg;/upload/travel/avia/airlines/DE.png
QX;;"Horizon Air";;;;;
LA;"LATAM Chile";"LATAM Airlines Group";"LATAM Airlines Group";;;/upload/travel/avia/airlines/LA.svg;/upload/travel/avia/airlines/LA.png
B2;Белавиа;BELAVIA;"ГЕНЕРАЛЬНОЕ ПРЕДСТАВИТЕЛЬСТВО ОТКРЫТОГО АКЦИОНЕРНОГО ОБЩЕСТВА ""АВИАКОМПАНИЯ ""БЕЛАВИА""";9909060204;74956231084;/upload/travel/avia/airlines/B2.svg;/upload/travel/avia/airlines/B2.png
CU;"Cubana de Aviación";"Cubana de Aviación";;;;/upload/travel/avia/airlines/CU.svg;/upload/travel/avia/airlines/CU.png
R3;Якутия;"Yakutia Airlines";;;;/upload/travel/avia/airlines/R3.svg;/upload/travel/avia/airlines/R3.png
LH;Lufthansa;"Deutsche Lufthansa AG";"ПРЕДСТАВИТЕЛЬСТВО ОБЩЕСТВА ""ДОЙЧЕ ЛЮФТГАНЗА АГ""";9909001022;74954118444;/upload/travel/avia/airlines/LH.svg;/upload/travel/avia/airlines/LH.png
FR;;Ryanair;;;;/upload/travel/avia/airlines/FR.svg;/upload/travel/avia/airlines/FR.png
S7;"S7 Airlines";"Siberia Airlines";"ПАО ""АВИАКОМПАНИЯ ""СИБИРЬ""";5448100656;74957830707;/upload/travel/avia/airlines/S7.svg;/upload/travel/avia/airlines/S7.png
VT;;"Air Tahiti";;;;;
P5;;Aerorepublica;;;;;
AM;Aeromexico;AEROMEXICO;AEROMEXICO;;;/upload/travel/avia/airlines/AM.svg;/upload/travel/avia/airlines/AM.png
PD;;"Porter Airlines";;;;;
PJ;;"Air Saint Pierre";;;;;
PX;;"Air Niugini";;;;;
RE;"Stobart Air";"Stobart Air";;;;;
HI;"Papillon Airways";"Papillon Airways";;;;;
AR;;"Aerolineas Argentinas";;;;/upload/travel/avia/airlines/AR.svg;/upload/travel/avia/airlines/AR.png
PN;;"China West Air";;;;;
AV;;Avianca;;;;/upload/travel/avia/airlines/AV.svg;/upload/travel/avia/airlines/AV.png
AY;Finnair;FINNAIR;"ПРЕДСТАВИТЕЛЬСТВО ""ФИННЭЙР ОАО"" (ФИНЛЯНДИЯ) Г.МОСКВА";9909002481;74959330056;/upload/travel/avia/airlines/AY.svg;/upload/travel/avia/airlines/AY.png
AZ;Alitalia;"Alitalia Societa Aerea Italiana SPA";ALITALIA;;74952218200;/upload/travel/avia/airlines/AZ.svg;/upload/travel/avia/airlines/AZ.png
LG;;Luxair;;;;/upload/travel/avia/airlines/LG.svg;/upload/travel/avia/airlines/LG.png
MJ;;"MyWay Airlines";;;;;
BT;"Air Baltic";"Air Baltic Corporation AS";"ПРЕДСТАВИТЕЛЬСТВО ""ЭЙР БАЛТИК КОРПОРЕЙШН"" А/О В Г. МОСКВЕ";9909149501;74959692248;/upload/travel/avia/airlines/BT.svg;/upload/travel/avia/airlines/BT.png
7J;"Tajik Air";"Tajik Air";;;;/upload/travel/avia/airlines/7J.svg;/upload/travel/avia/airlines/7J.png
EK;;Emirates;;;;/upload/travel/avia/airlines/EK.svg;/upload/travel/avia/airlines/EK.png
MS;EgyptAir;EgyptAir;;;;/upload/travel/avia/airlines/MS.svg;/upload/travel/avia/airlines/MS.png
PR;;"Philippine Airlines";;;;/upload/travel/avia/airlines/PR.svg;/upload/travel/avia/airlines/PR.png
YM;;"Montenegro Airlines";"Montenegro Airlines";;74992300868;/upload/travel/avia/airlines/YM.svg;/upload/travel/avia/airlines/YM.png
U2;;EasyJet;;;;/upload/travel/avia/airlines/U2.svg;/upload/travel/avia/airlines/U2.png
G8;Go!;Go!;;;;;
BV;;"Blue Panorama Airlines";;;;/upload/travel/avia/airlines/BV.svg;/upload/travel/avia/airlines/BV.png
BW;;"Caribbean Airlines";;;;;
GW;"SkyGreece Airlines";"SkyGreece Airlines";;;;/upload/travel/avia/airlines/GW.svg;/upload/travel/avia/airlines/GW.png
V3;;Carpatair;;;;/upload/travel/avia/airlines/V3.svg;/upload/travel/avia/airlines/V3.png
DO;"Discovery Airways";"Discovery Airways";;;;;
7R;Руслайн;RusLine;;;;/upload/travel/avia/airlines/7R.svg;/upload/travel/avia/airlines/7R.png
HA;;"Hawaiian Airlines";;;;/upload/travel/avia/airlines/HA.svg;/upload/travel/avia/airlines/HA.png
RJ;;"Royal Jordanian";;;;/upload/travel/avia/airlines/RJ.svg;/upload/travel/avia/airlines/RJ.png
QM;Monacair;Monacair;;;;;
D2;Северсталь;"Severstal Air";;;;/upload/travel/avia/airlines/D2.svg;/upload/travel/avia/airlines/D2.png
T5;"Туркменские авиалинии";"Turkmenistan Airlines";;;;/upload/travel/avia/airlines/T5.svg;/upload/travel/avia/airlines/T5.png
MK;;"Air Mauritius";;;;/upload/travel/avia/airlines/MK.svg;/upload/travel/avia/airlines/MK.png
QR;"Qatar Airways";"Qatar Airways (Q.C.S.C)";"ПРЕДСТАВИТЕЛЬСТВО ""КАТАР ЭЙРВЭЙЗ""";9909128928;74959810077;/upload/travel/avia/airlines/QR.svg;/upload/travel/avia/airlines/QR.png
VS;"Virgin Atlantic";"Virgin Atlantic Airways Ltd.";"Virgin Atlantic Airways Ltd.";;;/upload/travel/avia/airlines/VS.svg;/upload/travel/avia/airlines/VS.png
OA;"Olympic Air";"Olympic Air";;;;/upload/travel/avia/airlines/OA.svg;/upload/travel/avia/airlines/OA.png
PY;;"Surinam Airways";;;;;
QC;;Camair-Co;;;;;
J1;;"One Jet, Inc.";;;;;
N4;"Северный Ветер (Nordwind Airlines)";"Nordwind Airlines";;;;/upload/travel/avia/airlines/N4.svg;/upload/travel/avia/airlines/N4.png
HR;;"Hahn Air";;;;/upload/travel/avia/airlines/HR.svg;/upload/travel/avia/airlines/HR.png
RT;"ЮВТ Аэро";"UVT Aero";;;;;
RG;;"Rotana Jet";;;;;
OE;;Laudamotion;;;;;
J6;;"Jet Ops";;;;;
NX;;"Air Macau";;;;;
PW;;"Precision Air";;;;;
SD;;"Sudan Airways";;;;;
Q8;;"Trans Air Congo";;;;;
NZ;;"Air New Zealand";;;;/upload/travel/avia/airlines/NZ.svg;/upload/travel/avia/airlines/NZ.png
XL;"LATAM Ecuador";"LATAM Ecuador";;;;;
NT;;"Binter Canarias";;;;/upload/travel/avia/airlines/NT.svg;/upload/travel/avia/airlines/NT.png
QG;;"Citilink Airlines";;;;;
RA;;"Royal Nepal Airlines";;;;;
OM;;"MIAT - Mongolian Airlines";"ПРЕДСТАВИТЕЛЬСТВО ""МИАТ-МОНГОЛЬСКИЕ АВИАЛИНИИ""";9909009649;74992410754;/upload/travel/avia/airlines/OM.svg;/upload/travel/avia/airlines/OM.png
IG;;"Air Italy";;;;/upload/travel/avia/airlines/IG.svg;/upload/travel/avia/airlines/IG.png
TU;;Tunisair;;;;/upload/travel/avia/airlines/TU.svg;/upload/travel/avia/airlines/TU.png
QV;;"Lao Airlines";;;;;
A3;;"Aegean Airline S.A";"Представительство Акционерного Общества ""Эйджиан Эйрлайнс С.А.""";9909398882;74951398790;/upload/travel/avia/airlines/A3.svg;/upload/travel/avia/airlines/A3.png
EN;;"Air Dolomiti";;;;/upload/travel/avia/airlines/EN.svg;/upload/travel/avia/airlines/EN.png
RI;;"Tigerair Mandala";;;;;
SB;;Aircalin;;;;;
SE;;"XL Airways France";;;;;
IH;"Irtysh Air";"Irtysh Air";;;;;
UG;;"Tunisair Express";;;;;
DG;;"Tigerair Philippines";;;;;
EY;;"Etihad Airways";;;;/upload/travel/avia/airlines/EY.svg;/upload/travel/avia/airlines/EY.png
KA;;"Cathay Dragon";;;;/upload/travel/avia/airlines/KA.svg;/upload/travel/avia/airlines/KA.png
EJ;"New England Airlines";"New England Airlines";;;;;
TJ;;"Tradewind Aviation";;;;;
DL;;"Delta Air Lines";"ПРЕДСТАВИТЕЛЬСТВО""ДЕЛЬТА ЭР ЛАЙНЗ, ИНК.""";9909102101;18002414141;/upload/travel/avia/airlines/DL.svg;/upload/travel/avia/airlines/DL.png
Y7;NordStar;NordStar;;;;/upload/travel/avia/airlines/Y7.svg;/upload/travel/avia/airlines/Y7.png
TM;;"LAM Mozambique Airlines";;;;;
CT;;"Alitalia CityLiner";;;;;
S5;;"Shuttle America";;;;/upload/travel/avia/airlines/S5.svg;/upload/travel/avia/airlines/S5.png
PG;"Bangkok Airways";"BANGKOK AIRWAYS";"BANGKOK AIRWAYS";;;/upload/travel/avia/airlines/PG.svg;/upload/travel/avia/airlines/PG.png
QF;;Qantas;;;;/upload/travel/avia/airlines/QF.svg;/upload/travel/avia/airlines/QF.png
SP;;"SATA Air Acores";;;;;
CZ;;"China Southern Airlines";;;;/upload/travel/avia/airlines/CZ.svg;/upload/travel/avia/airlines/CZ.png
ME;;"Middle East Airlines";;;;/upload/travel/avia/airlines/ME.svg;/upload/travel/avia/airlines/ME.png
HX;;"Hong Kong Airlines";;;;/upload/travel/avia/airlines/HX.svg;/upload/travel/avia/airlines/HX.png
XG;"SunExpress Deutschland";"SunExpress Deutschland";;;;/upload/travel/avia/airlines/XG.svg;/upload/travel/avia/airlines/XG.png
DS;"easyJet Switzerland";"easyJet Switzerland";;;;;
VA;;"Virgin Australia";;;;/upload/travel/avia/airlines/VA.svg;/upload/travel/avia/airlines/VA.png
V4;;"Vieques Air Link";;;;;
Z3;;"PM Air LLC";;;;;
SI;;"Blue Islands";;;;;
QZ;;"Indonesia AirAsia";;;;;
EG;;"Ernest Airline";;;;/upload/travel/avia/airlines/EG.svg;/upload/travel/avia/airlines/EG.png
V7;;Volotea;;;;/upload/travel/avia/airlines/V7.svg;/upload/travel/avia/airlines/V7.png
IZ;;Arkia;;;;/upload/travel/avia/airlines/IZ.svg;/upload/travel/avia/airlines/IZ.png
KC;"Эйр Астана (Air Astana)";"Air Astana";"ПРЕДСТАВИТЕЛЬСТВО АКЦИОНЕРНОЕ ОБЩЕСТВО ""ЭЙР АСТАНА"" В ГОРОДЕ МОСКВА";9909062650;74952877008;/upload/travel/avia/airlines/KC.svg;/upload/travel/avia/airlines/KC.png
TG;;"Thai Airways Intl Public CO Ltd";"ПРЕДСТАВИТЕЛЬСТВО ""ТАЙ ЭЙРВЭЙС ИНТЕРНЕШНЛ ПАБЛИК КОМПАНИ ЛИМИТЕД""";9909188740;74952801516;/upload/travel/avia/airlines/TG.svg;/upload/travel/avia/airlines/TG.png
BG;;"Biman Bangladesh Airlines";;;;;
Z8;;Amaszonas;;;;;
LY;"El Al";"EL AL ISRAEL AIRLINES";"EL AL ISRAEL AIRLINES";;;/upload/travel/avia/airlines/LY.svg;/upload/travel/avia/airlines/LY.png
WI;;"White Airways";;;;;
XZ;;"South African Express";;;;;
2V;;Amtrak;;;;;
YC;Ямал;"Yamal Airlines";;;;/upload/travel/avia/airlines/YC.svg;/upload/travel/avia/airlines/YC.png
TK;"Turkish Airlines";"Turkish Airlines Inc";"ПРЕДСТАВИТЕЛЬСТВО АО ""ТЮРК ХАВА ЙОЛЛАРЫ"" (""ТУРЕЦКИЕ АВИАЛИНИИ"")";9909001368;74959335523;/upload/travel/avia/airlines/TK.svg;/upload/travel/avia/airlines/TK.png
2B;"Ак Барс Аэро";"Ak Bars Aero";;;;/upload/travel/avia/airlines/2B.svg;/upload/travel/avia/airlines/2B.png
X1;;Fortune;;;;;
T3;;"Eastern Airways";;;;;
NH;;"All Nippon Airways";;;;/upload/travel/avia/airlines/NH.svg;/upload/travel/avia/airlines/NH.png
B6;;"JetBlue Airways";;;;/upload/travel/avia/airlines/B6.svg;/upload/travel/avia/airlines/B6.png
T7;;"Twin Jet";;;;;
EP;;"Iran Aseman Airlines";;;;;
NK;;"Spirit Airlines";;;;/upload/travel/avia/airlines/NK.svg;/upload/travel/avia/airlines/NK.png
AH;;"Air Algerie";;;;/upload/travel/avia/airlines/AH.svg;/upload/travel/avia/airlines/AH.png
9H;"Chang An Airlines";"Chang An Airlines";;;;;
WP;;"Island Air";;;;;
TD;;"Atlantis European Airways";;;;;
WK;;"Edelweiss Air";;;;;
ER;"Air East";"Air East";;;;;
U7;;"Air Uganda";;;;;
VG;;"VLM Airlines";;;;;
UM;;"Air Zimbabwe";;;;;
TZ;;Scoot;;;;/upload/travel/avia/airlines/TZ.svg;/upload/travel/avia/airlines/TZ.png
1P;;Worldspan;;;;;
WA;;"KLM Cityhopper";;;;;
V2;;"Vision Airlines";;;;;
V5;"Aerovías DAP";"Aerovías DAP";;;;;
VE;"C.A.I. Second";"C.A.I. Second";;;;;
RC;;"Atlantic Airways";;;;;
G3;"Gol Transportes Aéreos";"Gol Transportes Aéreos";;;;/upload/travel/avia/airlines/G3.svg;/upload/travel/avia/airlines/G3.png
QS;;SmartWings;;;;/upload/travel/avia/airlines/QS.svg;/upload/travel/avia/airlines/QS.png
UO;;"Hong Kong Express Airways";;;;;
9U;"Air Moldova";"Air Moldova";"C.A. ""Авиакомпания ""Air Moldova"" S.R.L.";;79680469289;/upload/travel/avia/airlines/9U.svg;/upload/travel/avia/airlines/9U.png
WY;"Oman Air";"OMAN AIR";"OMAN AIR";;;;
TN;;"Air Tahiti Nui";;;;;
ZK;;"Great Lakes Airlines";;;;;
4J;FlyDamas;FlyDamas;;;;/upload/travel/avia/airlines/4J.svg;/upload/travel/avia/airlines/4J.png
TR;;Scoot;;;;/upload/travel/avia/airlines/TR.svg;/upload/travel/avia/airlines/TR.png
6R;Алроса;Alrosa;;;;/upload/travel/avia/airlines/6R.svg;/upload/travel/avia/airlines/6R.png
VN;"Vietnam Airlines";"Vietnam Airlines Corporation";"Представительство АО ""Генеральная Авиационная Компания Вьетнама""";9909004344;74955892450;/upload/travel/avia/airlines/VN.svg;/upload/travel/avia/airlines/VN.png
X9;;"Avion Express";;;;;
UP;;Bahamasair;;;;;
XQ;;"Sun Express";;;;;
XY;;"Nas Air";;;;;
JJ;"LATAM Brasil";"LATAM Brasil";;;;/upload/travel/avia/airlines/JJ.svg;/upload/travel/avia/airlines/JJ.png
YS;HOP!;HOP!;;;;;
JH;"Fuji Dream Airlines";"Fuji Dream Airlines";;;;;
BI;;"Royal Brunei";;;;/upload/travel/avia/airlines/BI.svg;/upload/travel/avia/airlines/BI.png
JQ;;Jetstar;;;;/upload/travel/avia/airlines/JQ.svg;/upload/travel/avia/airlines/JQ.png
RO;;Tarom;;;;/upload/travel/avia/airlines/RO.svg;/upload/travel/avia/airlines/RO.png
WH;;"Webjet Linhas Aereas";;;;;
D0;;"DHL Air Limited";;;;;
JZ;"Jatayu Airlines";"Jatayu Airlines";;;;;
WM;;Winair;;;;;
XR;;"Virgin Australia";;;;;
WX;;Cityjet;;;;/upload/travel/avia/airlines/WX.svg;/upload/travel/avia/airlines/WX.png
XK;;"Air Corsica";;;;/upload/travel/avia/airlines/XK.svg;/upload/travel/avia/airlines/XK.png
QA;;Cimber;;;;;
FD;;"Thai AirAsia";;;;;
JU;;"Air Serbia";"ПРЕДСТАВИТЕЛЬСТВО АО ПО ВОЗДУШНОМУ ТРАНСПОРТУ ЭЙР СЕРБИЯ БЕЛГРАД";9909001456;74955102545;/upload/travel/avia/airlines/JU.svg;/upload/travel/avia/airlines/JU.png
JP;;"Adria Airways";;;;/upload/travel/avia/airlines/JP.svg;/upload/travel/avia/airlines/JP.png
ZL;;"Regional Express";;;;;
ZY;;"Sky Airlines";;;;;
MD;;"Air Madagascar";;;;;
MF;;"Xiamen Airlines";;;;/upload/travel/avia/airlines/MF.svg;/upload/travel/avia/airlines/MF.png
S2;;"Jet Lite";;;;;
TS;;"Air Transat";;;;;
GQ;"Sky Express (Скай Экспресс)";"Sky Express";;;;;
SK;"Scandinavian Airlines";"SAS SCANDINAVIAN AIRLINES";"ПРЕДСТАВИТЕЛЬСТВО ""СКАНДИНАВИАН ЭРЛАЙНЗ СИСТЕМ ДАНИЯ-НОРВЕГИЯ-ШВЕЦИЯ""";9909001583;74957829353;/upload/travel/avia/airlines/SK.svg;/upload/travel/avia/airlines/SK.png
SA;;"South African Airways";;;;/upload/travel/avia/airlines/SA.svg;/upload/travel/avia/airlines/SA.png
XC;;"KD Air";;;;/upload/travel/avia/airlines/XC.svg;/upload/travel/avia/airlines/XC.png
SG;;SpiceJet;;;;;
W6;;"Wizz Air";;;;/upload/travel/avia/airlines/W6.svg;/upload/travel/avia/airlines/W6.png
VO;;"Tyrolean Airways";;;;/upload/travel/avia/airlines/VO.svg;/upload/travel/avia/airlines/VO.png
YW;;"Air Nostrum";;;;;
ST;;Germania;;;;/upload/travel/avia/airlines/ST.svg;/upload/travel/avia/airlines/ST.png
3G;"Gambia Bird Airlines";"Gambia Bird Airlines";;;;;
LE;;"Laparkan Airways, Inc.";;;;;
V0;;Conviasa;;;;;
UX;;"Air Europa";;;;/upload/travel/avia/airlines/UX.svg;/upload/travel/avia/airlines/UX.png
WZ;"Ред Вингс";"Red Wings Airlines";;;;/upload/travel/avia/airlines/WZ.svg;/upload/travel/avia/airlines/WZ.png
BM;;"BMI Regional";;;;;
5Q;;"BQB Lineas Aereas";;;;;
ZU;SUN-AIR;SUN-AIR;;;;;
ZG;"Грозный Авиа";"Groznyy Avia";;;;/upload/travel/avia/airlines/ZG.svg;/upload/travel/avia/airlines/ZG.png
DP;Победа;Pobeda;;;;/upload/travel/avia/airlines/DP.svg;/upload/travel/avia/airlines/DP.png
Z2;"AirAsia Zest";"AirAsia Zest";;;;;
YX;"Republic Airlines";"Republic Airlines";;;;;
HK;"Skippers Aviation";"Skippers Aviation";;;;/upload/travel/avia/airlines/HK.svg;/upload/travel/avia/airlines/HK.png
KP;;"ASKY Airlines";;;;;
WG;;"Sunwing Airlines";;;;;
3M;;"Silver Airways";;;;;
4Z;;Airlink;;;;;
JC;"Japan Air Commuter";"Japan Air Commuter";;;;;
AN;;HOP!;;;;;
GK;"Jetstar Japan";"Jetstar Japan";;;;;
IW;"Wings Air";"Wings Air";;;;;
K8;;"Kan Air";;;;;
XJ;;"Thai AirAsia X";;;;;
BZ;;"Blue Bird Airways";;;;/upload/travel/avia/airlines/BZ.svg;/upload/travel/avia/airlines/BZ.png
ID;;"Batik Air";;;;;
DU;"Norwegian Long Haul";"Norwegian Long Haul";;;;;
AL;;"Air Leisure";;;;;
AW;;"Africa World Airlines";;;;;
A8;;"Aerolink Uganda Limited";;;;;
BO;"BB Airways";"BB Airways";;;;;
8I;"Insel Air";"Insel Air";;;;;
ZC;;"Korongo Airlines";;;;;
OX;"Orient Thai Airlines";"Orient Thai Airlines";;;;/upload/travel/avia/airlines/OX.svg;/upload/travel/avia/airlines/OX.png
SJ;"Sriwijaya Air";"Sriwijaya Air";;;;;
2G;"Angara Airlines";"Angara Airlines";;;;/upload/travel/avia/airlines/2G.svg;/upload/travel/avia/airlines/2G.png
SL;"Thai Lion Air";"Thai Lion Air";;;;;
GY;"Colorful Guizhou Airlines";"Colorful Guizhou Airlines";;;;/upload/travel/avia/airlines/GY.svg;/upload/travel/avia/airlines/GY.png
IK;"Air Kiribati Limited";"Air Kiribati Limited";;;;/upload/travel/avia/airlines/IK.svg;/upload/travel/avia/airlines/IK.png
AJ;"Aztec Airways";"Aztec Airways";;;;;
AQ;"9 Air";"9 Air";;;;;
A7;;"Air Niamey";;;;;
AG;"Aruba Airlines";"Aruba Airlines";;;;;
AO;"Australian Airlines";"Australian Airlines";;;;/upload/travel/avia/airlines/AO.svg;/upload/travel/avia/airlines/AO.png
AX;"Trans States Airlines";"Trans States Airlines";;;;;
BC;"Skymark Airlines";"Skymark Airlines";;;;/upload/travel/avia/airlines/BC.svg;/upload/travel/avia/airlines/BC.png
BU;;"Compagnie Africaine d'Aviation";;;;/upload/travel/avia/airlines/BU.svg;/upload/travel/avia/airlines/BU.png
B3;"Bhutan Airlines";"Bhutan Airlines";;;;;
BF;"French Blue";"French Blue";;;;;
B4;ZanAir;ZanAir;;;;;
CC;"CM Airlines";"CM Airlines";;;;;
CH;"Bemidji Airlines";"Bemidji Airlines";;;;;
CD;"Corendon Dutch Airlines";"Corendon Dutch Airlines";;;;;
CF;;"China Postal Airlines Ltd.";;;;;
CP;"Compass Airlines";"Compass Airlines";;;;;
C2;"CEIBA Intercontinental";"CEIBA Intercontinental";;;;;
C7;"Cinnamon Air";"Cinnamon Air";;;;;
DH;"Douniah Airlines";"Douniah Airlines";;;;;
C5;CommutAir;CommutAir;;;;;
DI;"Norwegian Air";"Norwegian Air";;;;;
DK;"Thomas Cook Airlines Scandinavia";"Thomas Cook Airlines Scandinavia";;;;;
DQ;"Delta Connection";"Delta Connection";;;;;
DW;"Aero-Charter Ukraine";"Aero-Charter Ukraine";;;;;
D3;;"Daallo Airlines";;;;;
D8;"Norwegian Air International";"Norwegian Air International";;;;;
ED;AirExplore;AirExplore;;;;;
DR;"Ruili Airlines";"Ruili Airlines";;;;;
DZ;"Donghai Airlines";"Donghai Airlines";;;;;
D4;Alidaunia;Alidaunia;;;;;
EA;"East Horizon Airlines";"East Horizon Airlines";;;;;
EF;"Fly CamInter";"Fly CamInter";;;;;
EB;"Wamos Air";"Wamos Air";;;;;
EH;"ANA Wings";"ANA Wings";;;;;
EM;;"Empire Airlines";;;;;
ES;;"DHL Aviation EEMEA B.S.C.(c)";;;;;
E2;"Eagle Atlantic Airlines";"Eagle Atlantic Airlines";;;;;
E7;;"Equaflight Service";;;;;
EV;ExpressJet;ExpressJet;;;;;
E8;"City Airways";"City Airways";;;;;
FE;"Far Eastern Air Transport";"Far Eastern Air Transport";;;;;
FH;;"Freebird Airlines";;;;;
FU;"Fuzhou Airlines";"Fuzhou Airlines";;;;;
E9;"Evelop Airlines";"Evelop Airlines";;;;;
FN;fastjet;fastjet;;;;;
FW;"Ibex Airlines";"Ibex Airlines";;;;;
F2;"Safarilink Aviation";"Safarilink Aviation";;;;;
F8;;"Flair Airlines Ltd.";;;;;
FA;Safair;Safair;;;;;
FG;;"Ariana Afghan Airlines";;;;;
F3;"Songbird Airways";Flyadeal;;;;;
GB;;"ABX Air, Inc.";;;;/upload/travel/avia/airlines/GB.svg;/upload/travel/avia/airlines/GB.png
GC;"Gambia International Airlines";"Gambia International Airlines";;;;;
GJ;"Loong Air";"Loong Air";;;;/upload/travel/avia/airlines/GJ.svg;/upload/travel/avia/airlines/GJ.png
GT;"Vista Georgia";"Vista Georgia";;;;/upload/travel/avia/airlines/GT.svg;/upload/travel/avia/airlines/GT.png
GZ;;"Air Rarotonga";;;;;
G6;;"Ghadames Air Transport";;;;;
GI;"Itek Air";"Itek Air";;;;;
G5;;"China Express Airlines";;;;;
HB;"Asia Atlantic Airlines";"Asia Atlantic Airlines";;;;;
HH;;"Taban Airlines";;;;;
GM;"Germania Flug";"Germania Flug";;;;;
GU;Aviateca;Aviateca;;;;;
G2;"Jet Express";"Jet Express";;;;;
G7;"GoJet Airlines";"GoJet Airlines";;;;;
HE;"LGW Luftfahrtgesellschaft Walter";"LGW Luftfahrtgesellschaft Walter";;;;;
HJ;"Hellas Jet";"Hellas Jet";;;;;
HD;"Air Do";"Air Do";;;;;
HP;;"Amapola Flyg AB";;;;;
H1;;"Hahn Air";;;;;
H7;Тарон-Авиа;"Taron Avia LLC";;;;;
II;"IBC Airways";"IBC Airways";;;;;
HN;"Afghan Jet International";"Afghan Jet International";;;;;
HW;"North-Wright Airways";"North-Wright Airways";;;;;
H6;"Bulgarian Air Charter";"Bulgarian Air Charter";;;;;
IL;;"PT.Trigana Air Service";;;;;
IP;;"Apsara International Air";;;;;
H4;Aero4M;Aero4M;;;;;
H8;;"Hesa Airlines";;;;;
IJ;"Spring Airlines Japan";"Spring Airlines Japan";;;;;
IN;"NAM Air";"NAM Air";;;;;
I6;"Air Indus";"Air Indus";;;;;
IS;;"AIS Airlines B.V.";;;;;
JF;"Jet Asia Airways";"Jet Asia Airways";;;;;
JI;;"Meraj Air";;;;;
JW;"Vanilla Air";"Vanilla Air";;;;;
JG;"JETGO Australia";"JETGO Australia";;;;;
JO;"Jet Time";"Jet Time";;;;;
JY;"InterCaribbean Airways";"InterCaribbean Airways";;;;;
J4;;"BADR AIRLINES";;;;;
KD;;"PT Kal Star Aviation";;;;;
KJ;"Air Incheon";"Air Incheon";;;;;
J5;"Alaska Seaplane";"Alaska Seaplane";;;;;
KG;Aerogaviota;Aerogaviota;;;;;
KT;SiAvia;SiAvia;;;;/upload/travel/avia/airlines/KT.svg;/upload/travel/avia/airlines/KT.png
KI;KrasAvia;KrasAvia;;;;;
KV;"Asian Express Airline";"Asian Express Airline";;;;/upload/travel/avia/airlines/KV.svg;/upload/travel/avia/airlines/KV.png
K1;;"Topas Co. Ltd.";;;;;
LM;Loganair;Loganair;;;;;
KW;"Kharkiv Airlines";"Kharkiv Airlines";;;;;
K3;"Taquan Air";"Taquan Air";;;;;
LB;"Bul Air";"Bul Air";;;;;
LK;"Lao Skyway";"Lao Skyway";;;;;
LT;"Air Lituanica";"Air Lituanica";;;;/upload/travel/avia/airlines/LT.svg;/upload/travel/avia/airlines/LT.png
LL;;"Miami Air International";;;;;
LU;"LAN Express";"LAN Express";;;;;
L2;;"Lynden Air Cargo, LLC";;;;;
L3;"Lynx Aviation";"Lynx Aviation";;;;;
L8;;"Afric Aviation";;;;;
MG;;"Miami Air Lease, Inc.";;;;;
MT;"Thomas Cook Airlines";"Thomas Cook Airlines";;;;/upload/travel/avia/airlines/MT.svg;/upload/travel/avia/airlines/MT.png
M3;"North Flying";"North Flying";;;;;
L4;"Air Service Liege";"Air Service Liege";;;;;
MB;"MNG Airlines";"MNG Airlines";;;;;
MP;Martinair;Martinair;;;;;
MX;"Mexicana de Aviación";"Mexicana de Aviación";;;;;
M4;"Mistral Air";"Mistral Air";;;;;
NA;"Nesma Airlines";"Nesma Airlines";;;;;
L7;;"Linea Aerea Carguera de Colombia S.A.";;;;;
MC;;"Air Mobility Command";;;;;
MQ;"Envoy Air";"Envoy Air";;;;;
M2;"MHS Aviation";"MHS Aviation";;;;;
M6;;"Amerijet International Inc.";;;;;
NB;"Skypower Express Airways";"Skypower Express Airways";;;;;
M8;SkyJet;SkyJet;;;;;
NC;"Cobham Aviation Services Australia";"Cobham Aviation Services Australia";;;;;
NL;"Shaheen Air";"Shaheen Air";;;;;
NY;"Air Iceland";"Air Iceland";;;;;
N5;"Nolinor Aviation";"Nolinor Aviation";;;;;
N9;"Nova Airways";"Nova Airways";;;;;
NE;;"Nesma Airlines";;;;;
NO;Neos;Neos;;;;;
N2;;"Trans-Mediterranean Airways";;;;/upload/travel/avia/airlines/N2.svg;/upload/travel/avia/airlines/N2.png
N7;;"Nordic Regional Airline";;;;;
OB;"Boliviana de Aviación";"Boliviana de Aviación";;;;;
NJ;"Aero VIP";"Aero VIP";;;;;
NP;;"Nile Air";;;;;
N3;"Aerolíneas Mas";"Aerolíneas Mas";;;;;
N8;"National Airlines";"National Airlines";;;;;
OC;"Oriental Air Bridge";"Oriental Air Bridge";;;;;
OI;"Hinterland Aviation";"Hinterland Aviation";;;;;
OJ;;"Fly Jamaica Airways";;;;;
OQ;"Chongqing Airlines";"Chongqing Airlines";;;;;
O6;"Avianca Brazil";"Avianca Brazil";;;;;
PA;airblue;airblue;;;;;
PI;"Polar Airlines";"Polar Airlines";;;;;
ON;"Nauru Airline";"Nauru Airline";;;;;
O3;;"Orange Air, LLCN/A";;;;;
O8;"Siam Air";"Siam Air";;;;;
PF;"Primera Air";"Primera Air";;;;;
PL;"Southern Air Charter";"Southern Air Charter";;;;;
PP;"Jet Aviation Business";"Jet Aviation Business";;;;;
OO;"SkyWest Airlines";"SkyWest Airlines";;;;/upload/travel/avia/airlines/OO.svg;/upload/travel/avia/airlines/OO.png
O4;"Antrak Air";"Antrak Air";;;;;
PH;"Transavia Denmark";"Transavia Denmark";;;;;
PM;Canaryfly;Canaryfly;;;;;
PV;"St Barth Commuter";"St Barth Commuter";;;;;
PO;;"Polar Air Cargo Worldwide, Inc.";;;;;
P1;"Public Charters";"Public Charters";;;;;
P6;"Pascan Aviation";"Pascan Aviation";;;;;
P9;"Peruvian Airlines";"Peruvian Airlines";;;;;
QK;Jazz;Jazz;;;;;
QP;"Airkenya Express";"Airkenya Express";;;;;
P2;"Airkenya Express";"Airkenya Express";;;;;
P7;"Small Planet Airlines";"Small Planet Airlines";;;;;
QB;;"Qeshm Air";;;;;
QL;"LASER Airlines";"LASER Airlines";;;;;
QQ;"Alliance Airlines";"Alliance Airlines";;;;;
QY;"European Air Transport";"European Air Transport";;;;;
P4;"Aerolíneas Sosa";"Aerolíneas Sosa";;;;;
P8;"Air Mekong";"Air Mekong";;;;;
QJ;;"Jet Airways Inc.";;;;;
QO;;"Quikjet Cargo Airlines Pvt. Ltd";;;;;
QT;"Avianca Cargo";"Avianca Cargo";;;;;
Q1;"Sqiva Sistem";"Sqiva Sistem";;;;;
QW;"Qingdao Airlines";"Qingdao Airlines";;;;;
Q2;Maldivian;Maldivian;;;;;
Q5;"40-Mile Air";"40-Mile Air";;;;;
Q9;"Air Liaison";"Air Liaison";;;;;
RH;;"PT Republic Express Airlines";;;;;
RQ;;"Kam Air";;;;/upload/travel/avia/airlines/RQ.svg;/upload/travel/avia/airlines/RQ.png
Q3;;"Anguilla Air Services, Ltd";;;;;
Q6;"Skytrans Airlines";"Skytrans Airlines";;;;;
RD;"French Armed Forces";"French Armed Forces";;;;;
RK;;"Skyview Airways Company Limiteddba Skyview";;;;;
RR;;"Royal Air Force";;;;;
RV;;"8165343 Canada Inc. dba Air Canada rouge";;;;;
Q4;"Starlink Aviation";"Starlink Aviation";;;;;
Q7;;"SkyBahamas Airlines";;;;;
RF;"Connellan air disaster";"Connellan air disaster";;;;;
RP;"Chautauqua Airlines";"Chautauqua Airlines";;;;;
RS;"Sky Regional Airlines";"Sky Regional Airlines";;;;;
RX;"Regent Airways";"Regent Airways";;;;;
RU;AirBridgeCargo;AirBridgeCargo;;;;;
RY;"Jiangxi Air";"Jiangxi Air";;;;;
R4;"RUS Aviation";"RUS Aviation";;;;;
SF;;"Tassili Airlines";;;;;
TB;Jetairfly;Jetairfly;;;;/upload/travel/avia/airlines/TB.svg;/upload/travel/avia/airlines/TB.png
RZ;"Sansa Airlines";"Sansa Airlines";;;;;
R5;;"Jordan Aviation";;;;;
SH;"Sharp Airlines";"Sharp Airlines";;;;;
S6;"Sunrise Airways";"Sunrise Airways";;;;;
TC;"Air Tanzania";"Air Tanzania";;;;;
TI;"Tailwind Airlines";"Tailwind Airlines";;;;;
R6;"DOT LT";"DOT LT";;;;;
SM;;"AIR CAIRO";;;;;
S9;Starbow;Starbow;;;;;
TE;Sky-Taxi;Sky-Taxi;;;;;
TQ;"Tandem Aero";"Tandem Aero";;;;;
TH;;"Raya Airways Sdn. Bhd.dba Raya Airways";;;;;
TW;"T'way Air";"T'way Air";;;;;
T1;"TIK Systems";"TIK Systems";;;;;
UB;"Myanmar National Airlines";"Myanmar National Airlines";;;;;
UF;"UM Airlines";"UM Airlines";;;;/upload/travel/avia/airlines/UF.svg;/upload/travel/avia/airlines/UF.png
UJ;;"Almasria Universal Airlines";;;;/upload/travel/avia/airlines/UJ.svg;/upload/travel/avia/airlines/UJ.png
T2;"Nakina Air Service";"Nakina Air Service";;;;;
UC;"LAN Chile Cargo";"LAN Chile Cargo";;;;;
UH;"Atlasjet Ukraine";"Atlasjet Ukraine";;;;/upload/travel/avia/airlines/UH.svg;/upload/travel/avia/airlines/UH.png
UQ;"Urumqi Air";"Urumqi Air";;;;;
UY;;"Air Caucasus";;;;;
U3;;"As Avies";;;;;
T8;;"Telair International GmbH";;;;;
UE;"Ultimate Jetcharters";"Ultimate Jetcharters";;;;;
UI;;"Auric Air Services Limited";;;;;
UV;"Helicópteros del Sureste";"Helicópteros del Sureste";;;;;
UZ;;"Buraq Air Transport (BRQ)";;;;;
U5;;"Karinou Airlines";;;;;
UW;;"Uni-Top Airlines";;;;/upload/travel/avia/airlines/UW.svg;/upload/travel/avia/airlines/UW.png
U1;;"Videcom International Limited";;;;;
VB;;VivaAerobus;;;;;
VI;Волга-Днепр;"Volga-Dnepr Airlines";;;;/upload/travel/avia/airlines/VI.svg;/upload/travel/avia/airlines/VI.png
VP;;"Villa Air Pvt. Ltd. dba Villa Air";;;;;
VZ;;"Thai Vietjet Air";;;;;
VC;;"Charter Air Transport, Inc.";;;;;
VJ;;VietjetAir;;;;/upload/travel/avia/airlines/VJ.svg;/upload/travel/avia/airlines/VJ.png
VQ;Novoair;Novoair;;;;;
V1;;"IBS Software Services Americas, Inc.";;;;;
V9;;"Thai Vietjet Air";;;;;
WJ;;"Labrador Airways Limited";;;;;
VH;"Aeropostal Alas de Venezuela";"Aeropostal Alas de Venezuela";;;;;
VL;;"Air Via Ltd.";;;;;
VU;;"Vuelos Economicos Centroamericanos";;;;;
V6;;"Clairmont Holdings Ltd dba VI Air Link";;;;;
WC;;"Islena de Inversiones S.A. de C.V.dba Islena Airlines";;;;;
WO;;"World Airways";;;;;
V8;;"Iliamna Air Taxi Inc.";;;;;
WT;;Swiftair;;;;;
W1;;"World Ticket Ltd";;;;;
XD;;"Air Transport Association of Americad\b\a Airlines for America";;;;;
W4;;"LC Busre SAC";;;;;
XA;;"ARINC(Aeronautical Radio, Inc.)";;;;;
XE;;ExpressJet;;;;;
XO;;"South East Asian Airlines (SEAIR)International, Inc.";;;;;
XT;;"Indonesia AirAsia Extra, PT";;;;;
W5;;"Mahan Airlines";;;;/upload/travel/avia/airlines/W5.svg;/upload/travel/avia/airlines/W5.png
XB;;"IATA - Clearing HouseInternational Air Transport Association";;;;;
XH;;"Special Ground Handling Service -XH";;;;;
XP;;"TEM Enterprises";;;;;
XU;;"African Express Airways (K)  Limited";;;;;
XI;;"Aeronautical Telecommunications Ltd.(AEROTEL)";;;;;
XS;;"SITA - Airlines WorldwideTelecommunications and Information Svcs";;;;;
XW;NokScoot;NokScoot;;;;/upload/travel/avia/airlines/XW.svg;/upload/travel/avia/airlines/XW.png
X7;;"Exec Air, Inc. of Naples";;;;;
YF;;"Department of National Defence";;;;;
YJ;;"Asian Wings Airways Limited";;;;;
YH;;"Sunsplash Aviation, LLC.";;;;;
YP;;"Perimeter Aviation Ltd.";;;;;
YU;;"EuroAtlantic Airways S.A.";;;;;
Y8;"Yangtze River Express";"Yangtze River Express";;;;;
X5;;"S.C. Ten Airways S.R.L.";;;;;
YE;;"Yan Air Ltd";;;;/upload/travel/avia/airlines/YE.svg;/upload/travel/avia/airlines/YE.png
YI;;"Air Sunshine Inc.";;;;;
YR;;"Grand Canyon Airlines, Inc.dba Scenic Airlines";;;;;
Y1;;"Travel Technology Interactive SA";;;;;
Y9;;"Kish Airlines";;;;;
Y5;;"Golden Myanmar Airlines Public Co., Ltd";;;;;
ZA;;"Skywings Asia Airlines Co., Ltd.";;;;;
ZM;;"Air Manasdba Air Manas ltd. Air Company";;;;/upload/travel/avia/airlines/ZM.svg;/upload/travel/avia/airlines/ZM.png
ZS;;"JSC Kazaviaspas";;;;;
ZW;;"Air Wisconsin Airlines Corporation(AWAC)";;;;;
ZF;"Azur Air";"Azur Air";;;;/upload/travel/avia/airlines/ZF.svg;/upload/travel/avia/airlines/ZF.png
ZP;;"Silk Way Airlines";;;;;
ZT;;"Titan Airways Limited";;;;;
ZX;;"Air Georgian Ltd. dba Air Alliance";;;;;
Z7;;"NU-Aero (Pvt) Ltdt/a Fly Africa Zimbabwe";;;;;
1A;;"Amadeus IT Group SA";;;;;
ZJ;"Zambezi Airlines";"Zambezi Airlines";;;;;
ZR;;"Aviacon Zitotrans Air Company JSC";;;;;
ZV;;"V Air Corporation";;;;;
0J;;"Premium Jet AG";;;;;
1B;;"Abacus International Pte. Ltd.";;;;/upload/travel/avia/airlines/1B.svg;/upload/travel/avia/airlines/1B.png
Z4;;"Zagros Air Co.";;;;;
0Q;;"Hydro - Quebec";;;;;
1C;;"Hewlett-Packard (Schweiz) GmbH";;;;;
1F;;"INFINI Travel Information, Inc.";;;;;
1I;;ChallengAir;;;;;
1L;;"Navitaire Open Skies";;;;;
1D;;"Radixx Solutions International, Inc.";;;;;
1G;;"Travelport Global Distribution SystemB.V.";;;;;
1J;;"Axess International Network Inc.";;;;;
1M;;"JSC Transport Automated InformationSystems - TAIS";;;;;
1R;;"Bird Information Systems Private Limited";;;;;
1U;;"ITA Software Inc.";;;;;
1E;;"Travelsky Technology Limited";;;;;
1H;;"JSC ""Sirena-Travel""";;;;;
1K;;"Sutra Inc.";;;;;
1S;;"Sabre Inc.";;;;;
1V;;"Galileo International";;;;;
1Z;;"Sabre Pacific";;;;;
1T;;"PT Aerosystems Indonesia";;;;;
1X;;"Fly Branson Travel dba Branson AirExpress";;;;;
2A;;"Deutsche Bahn AG";;;;;
2F;;"Afrinat International Airlines";;;;;
2Q;;"Air Cargo Carriers, LLC.";;;;;
2U;;"Sun d'Or International Airlines";;;;;
1Y;;"Electronic Data Systems Corporation";;;;;
2D;;"Dynamic Airways, LLC";;;;;
2H;;"Thalys International";;;;;
2R;;"VIA Rail Canada Inc.";;;;;
3A;;"Chu Kong Passenger Transport Co. Ltd.";;;;;
2E;;"Smokey Bay Air, Inc.";;;;;
2O;;"Redemption Inc.";;;;;
2S;;"Kinda Airlines";;;;;
2Y;;"PT. My Indo Airlines";;;;;
3C;;"Calima Aviacion S.L";;;;;
3J;;"Cargo Three Inc. dba Pan Air Cargo";;;;;
2Z;;"Passaredo Transportes Aereos S.A.";;;;;
3D;DoKaSch;DoKaSch;;;;;
3N;;"Air Urga";;;;;
3W;;"Malawian Airlines";;;;;
3Z;;"Travel Service Polska Sp. z.o.o.";;;;;
4C;;"LAN COLOMBIA AIRLINES";;;;;
3F;;"Pacific Airways Inc.";;;;;
3T;;"Tarco Air";;;;;
3X;;"Premier Trans Aire Inc.";;;;;
4A;;"Aero Transporte S.A.";;;;;
4E;;"Stabo Air Limited";;;;;
4I;;"IHY Izmir Havayollari A.S.";;;;;
3V;"TNT Airways";"TNT Airways";;;;;
3Y;"Kartika Airlines";"Kartika Airlines";;;;;
4B;;"Boutique Air";;;;;
4F;;"Air City";;;;;
4K;;"Kenn Borek Air Ltd.";;;;;
4P;;"Travel Air";;;;;
4L;;"Palau National Airlines";;;;;
4R;;"CJSC Royal Flight airlines";;;;/upload/travel/avia/airlines/4R.svg;/upload/travel/avia/airlines/4R.png
4X;;"Mercury Air Cargo, Inc.";;;;;
5B;;"Bassaka Air Limited";;;;;
4N;;"Air North Charter and Training Ltd.";;;;;
4S;;"Solar Cargo, C.A.";;;;;
4Y;;"Airbus Transport International";;;;;
5D;;"Aerolitoral S.A. de C.V.";;;;;
5G;;"540 Ghana Ltd.";;;;/upload/travel/avia/airlines/5G.svg;/upload/travel/avia/airlines/5G.png
5M;;"Hi Fly Ltd";;;;;
4V;;"Lignes Aeriennes Congolaises";;;;;
5A;;"Alpine Aviation Inc.";;;;;
5E;;"Siam Ga Co. Ltd.";;;;;
5I;;"Alsa Grupo SLU";;;;;
5R;;"Rutas Aereas, C.A. dba  RUTACA";;;;;
5V;"Everts Air Cargo";"Everts Air Cargo";;;;;
5K;"Hi Fly";"Hi Fly";;;;;
5S;;"Global Aviation Services Group";;;;;
5W;5W-Rail&Shuttle;5W-Rail&Shuttle;;;;;
5Z;CemAir;CemAir;;;;;
6C;"Air Timor";"Air Timor";;;;;
6I;"Air Alsie";"Air Alsie";;;;;
5U;"Transportes Aéreos Regionales";"Transportes Aéreos Regionales";;;;;
5X;;UPS;;;;;
6D;"Travel Service Slovensko";"Travel Service Slovensko";;;;;
6J;"Solaseed Air";"Solaseed Air";;;;;
6M;;"Zacarias Moreno";;;;;
5Y;"Atlas Air";"Atlas Air";;;;;
6B;"TUIfly Nordic";"TUIfly Nordic";;;;;
6G;"Sun Air Express";"Sun Air Express";;;;;
6K;"Kyrgyz Trans Avia";"Kyrgyz Trans Avia";;;;;
6N;"Niger Airlines";"Niger Airlines";;;;;
6U;"Air Cargo Germany";"Air Cargo Germany";;;;;
6L;"Aklak Air";"Aklak Air";;;;;
6O;Orbest;Orbest;;;;;
6V;AVANZA;AVANZA;;;;;
7G;StarFlyer;StarFlyer;;;;;
7O;"Travel Service";"Travel Service";;;;;
7S;"Ryan Air Service";"Ryan Air Service";;;;;
6T;"Air Mandalay";"Air Mandalay";;;;;
6Z;"Euro-Asia Air";"Euro-Asia Air";;;;;
7M;MAYAir;MAYAir;;;;/upload/travel/avia/airlines/7M.svg;/upload/travel/avia/airlines/7M.png
7P;"Air Panama";"Air Panama";;;;;
7T;Trenitalia;Trenitalia;;;;;
7Z;Halcyonair;Halcyonair;;;;;
7E;;"Sylt Air GmbH";;;;;
7N;"Pan American World Airways";"Pan American World Airways";;;;;
7Q;"Elite Airways";"Elite Airways";;;;;
7U;"Alpha Air Transport";"Alpha Air Transport";;;;;
8A;;"Panama Airways";;;;;
8D;;"FITS Aviation (Pvt) Ltd";;;;;
7Y;"Mann Yadanarpon Airlines";"Mann Yadanarpon Airlines";;;;;
8B;;"Business Air Co Ltd";;;;;
8F;"STP Airways";"STP Airways";;;;;
8J;EcoJet;EcoJet;;;;;
8S;TurboJET;TurboJET;;;;;
9A;;"Eaglexpress Air Charter Sdn.Bhd.dbaEaglexpress Air";;;;;
8C;;"Air Transport International L.L.C.";;;;;
8G;"Mid Africa Aviation";"Mid Africa Aviation";;;;;
8K;;"K-Mile Air Co. Ltd";;;;;
8T;"Air Tindi";"Air Tindi";;;;;
9C;"Spring Airlines";"Spring Airlines";;;;/upload/travel/avia/airlines/9C.svg;/upload/travel/avia/airlines/9C.png
9I;"Alliance Air";"Alliance Air";;;;;
8H;"BH Air";"BH Air";;;;;
8N;"Regional Air Services";"Regional Air Services";;;;;
8W;"Private Wings";"Private Wings";;;;;
9E;;"Endeavor Air";;;;;
9J;;"Dana Airlines Limited";;;;;
9P;"Air Arabia Jordan";"Air Arabia Jordan";;;;;
9G;"9G Rail";"9G Rail";;;;;
9L;"West Link Airlines";"West Link Airlines";;;;;
9Q;;"Caicos Express Airways";;;;;
9X;;"Executive Express Aviation LLC dbaSouthern Airways";;;;;
IU;;"SW Italia s.p.a.";;;;;
N6;;"Nomad Aviation (PTY) Ltd.";;;;;
9N;;"Tropic Air Limited";;;;;
9S;;"Southern Air Inc.";;;;;
UK;Vistara;Vistara;;;;;
S8;;"Sounds Air Travel & Tourism Ltd.";;;;;
FC;FlyCorporate;FlyCorporate;;;;;
GP;;"Guangxi Beibu Gulf Airlines Co., Ltd.";;;;;
9T;;"ACT Havayollari A.S.";;;;;
W7;;"Wings of Lebanon S.a.l";;;;;
C4;;"Conquest Air, Inc.";;;;;
F5;;Aerotranscargo;;;;;
HT;;"Ningxia Cargo Airlines CO.,LTD";;;;;
EE;"Regional Jet OÜ";"Regional Jet OÜ";;;;;
I3;;"ATA Airlines";;;;;
YY;;"Major Airline";;;;;
R0;РЖД;"Russian Railways";;;;;
86;"Up Israel";"Up Israel";;;;;
55;"Buta Airways";"Buta Airways";;;;;
XF;"Владивосток Авиа";"Vladivostok Air";;;;/upload/travel/avia/airlines/XF.svg;/upload/travel/avia/airlines/XF.png
D9;Донавиа;Donavia;;;;/upload/travel/avia/airlines/D9.svg;/upload/travel/avia/airlines/D9.png
DT;;"TAAG Angola Airlines";;;;;
Y4;;Volaris;;;;;
Z9;;"Bek Air";;;;/upload/travel/avia/airlines/Z9.svg;/upload/travel/avia/airlines/Z9.png
NN;Вим-Авиа;"VIM Airlines";;;;/upload/travel/avia/airlines/NN.svg;/upload/travel/avia/airlines/NN.png
BY;"Thomson Airways";"Thomson Airways";;;;/upload/travel/avia/airlines/BY.svg;/upload/travel/avia/airlines/BY.png
AB;;"Air Berlin";;;;/upload/travel/avia/airlines/AB.svg;/upload/travel/avia/airlines/AB.png
01;;JetHunter;;;;;
EL;Ellinair;Ellinair;;;;/upload/travel/avia/airlines/EL.svg;/upload/travel/avia/airlines/EL.png
J7;"Afrijet Business Service";"Afrijet Business Service";;;;;
VX;;"Virgin America";;;;/upload/travel/avia/airlines/VX.svg;/upload/travel/avia/airlines/VX.png
MR;;"Hunnu Air";;;;;
UN;Трансаэро;Transaero Airlines;;;;;
ZB;;"Monarch Airlines";;;;/upload/travel/avia/airlines/ZB.svg;/upload/travel/avia/airlines/ZB.png
R2;"Оренбургские авиалинии";Orenair;;;;/upload/travel/avia/airlines/R2.svg;/upload/travel/avia/airlines/R2.png
H9;"Himalaya Airlines";"Himalaya Airlines";;;;;
BX;;"Air Busan";;;;;
B0;"La Compagnie";"La Compagnie";;;;;
E5;;"Air Arabia Egypt";;;;/upload/travel/avia/airlines/E5.svg;/upload/travel/avia/airlines/E5.png
HQ;"Thomas Cook Airlines Belgium";"Thomas Cook Airlines Belgium";;;;;
K7;"Air KBZ";"Air KBZ";;;;;
O9;;"NOVA Airlines";;;;;
1N;;Navitaire;;;;;
